"geom","osm_id","code","fclass","name"
POINT (145.2423727 -37.8706227),"246962067",2101,pharmacy,Chemist Warehouse
POINT (145.2859959 -37.8623734),"266426172",2101,pharmacy,Boyall's Pharmacy
POINT (145.2759209 -37.8840574),"266625773",2101,pharmacy,ChemSave
POINT (145.2755061 -37.8841488),"266625997",2101,pharmacy,PharmaSave
POINT (145.3529563 -37.7572705),"266965085",2101,pharmacy,Amcal
POINT (145.2494032 -37.8944514),"304477005",2101,pharmacy,Knoxfield Pharmacy
POINT (144.9440203 -37.7642945),"307588603",2101,pharmacy,ScriptRite Pharmacy
POINT (144.8837789 -37.813011),"321535960",2101,pharmacy,Carnovale Pharmacy
POINT (144.9949815 -37.9146638),"328066057",2101,pharmacy,Church Street Pharmacy
POINT (144.9781729 -37.8012423),"364874053",2101,pharmacy,Chemist Warehouse
POINT (144.9839273 -37.8017259),"364874284",2101,pharmacy,Chemist Warehouse
POINT (145.4405381 -37.9328563),"370310414",2101,pharmacy,Emerald Village Pharmacy
POINT (144.9840159 -37.8011431),"410409094",2101,pharmacy,Newton & Leung Pharmacy
POINT (145.172857 -37.9948543),"427864900",2101,pharmacy,Chemist Warehouse
POINT (145.3013862 -37.8229346),"441579371",2101,pharmacy,Bayswater North Pharmacy
POINT (144.9966142 -37.8256154),"443539309",2101,pharmacy,Priceline Pharmacy
POINT (145.1321308 -37.7877084),"476087949",2101,pharmacy,Chemist Warehouse
POINT (146.4206088 -38.3139127),"489383323",2101,pharmacy,Amcal Churchill
POINT (145.0029205 -37.7380378),"492085531",2101,pharmacy,Pulse Pharmacy
POINT (145.0038305 -37.7378189),"492085532",2101,pharmacy,Chemist Warehouse
POINT (145.1700391 -37.7907198),"493891493",2101,pharmacy,Guardian
POINT (145.1712916 -37.7911322),"493891569",2101,pharmacy,The Tunstall Pharmacy
POINT (145.1721554 -37.7906764),"493891595",2101,pharmacy,Chemist Warehouse
POINT (145.1844645 -38.1019342),"502436171",2101,pharmacy,Priceline Pharmacy
POINT (144.3242238 -38.3317241),"513392521",2101,pharmacy,
POINT (144.9893189 -37.8385562),"529842829",2101,pharmacy,South Yarra Pharmacy
POINT (145.0771153 -37.7461448),"535043217",2101,pharmacy,
POINT (143.860897 -37.56247),"551208593",2101,pharmacy,Priceline Pharmacy
POINT (144.9775288 -37.8599647),"560217378",2101,pharmacy,Pharmasave
POINT (145.1834944 -37.8562678),"563649205",2101,pharmacy,
POINT (145.0038968 -37.8480122),"570482524",2101,pharmacy,Starr Pharmacy
POINT (145.002229 -37.853274),"575370019",2101,pharmacy,Mulqueeny Midnight Pharmacy
POINT (144.993213 -37.851602),"576796691",2101,pharmacy,Prahran Amcal Pharmacy
POINT (145.0738578 -37.9677931),"577519937",2101,pharmacy,Direct Chemist Outlet
POINT (144.975939 -37.835764),"580269484",2101,pharmacy,Melbourne Boulevard Pharmacy
POINT (145.0859835 -37.909803),"582477584",2101,pharmacy,
POINT (145.1440742 -37.8910016),"583067225",2101,pharmacy,Pinewood Centreway Pharmacy
POINT (144.9568991 -37.830599),"583091324",2101,pharmacy,Amcal
POINT (144.9646503 -37.8168761),"594206628",2101,pharmacy,My Chemist
POINT (144.9662745 -37.8153414),"594339250",2101,pharmacy,Mulqueeny Pharmacy
POINT (144.9659007 -37.8125083),"594777046",2101,pharmacy,Creelman's Pharmacy
POINT (144.966637 -37.8134),"595483769",2101,pharmacy,Priceline Pharmacy
POINT (144.9701378 -37.8097757),"595786374",2101,pharmacy,Exhibition Pharmacy
POINT (144.968375 -37.797879),"598114275",2101,pharmacy,Amcal Chemist
POINT (144.9672772 -37.7974595),"598115775",2101,pharmacy,Chris Janson Pharmacy
POINT (144.9670325 -37.7989603),"598123906",2101,pharmacy,
POINT (144.9637813 -37.815002),"598401450",2101,pharmacy,MyChemist
POINT (145.035943 -37.8181094),"598431002",2101,pharmacy,Pulse Pharmacy
POINT (145.0228365 -37.8132312),"598434377",2101,pharmacy,My Chemist
POINT (144.4916586 -38.2807628),"600621368",2101,pharmacy,Barwon Heads Pharmacy
POINT (145.1413294 -38.1847079),"605177328",2101,pharmacy,Chemist Warehouse
POINT (145.1651131 -37.8807672),"610743234",2101,pharmacy,Glen Waverley Pharmacy
POINT (144.959895 -37.8154),"611561165",2101,pharmacy,Soul Pattinson Chemist
POINT (144.9634495 -37.8153619),"612015886",2101,pharmacy,Elizabeth Pharmacy
POINT (146.3254531 -36.3558086),"612554221",2101,pharmacy,Ramsay Pharmacy
POINT (146.3245377 -36.3543501),"612555347",2101,pharmacy,
POINT (146.3050756 -36.3528984),"612556240",2101,pharmacy,
POINT (144.957437 -37.815705),"612769752",2101,pharmacy,Pharmacy Neo
POINT (144.962432 -37.814233),"612770809",2101,pharmacy,Priceline Pharmacy
POINT (144.9435435 -37.8374633),"616584085",2101,pharmacy,PharmaSave
POINT (144.9396734 -37.8418836),"619028533",2101,pharmacy,Creative Medicine Compounding Pharmacy
POINT (144.970921 -37.797739),"619100199",2101,pharmacy,Schneier Pharmacy
POINT (144.9685475 -37.7974618),"619119214",2101,pharmacy,Pickford Pharmacy
POINT (145.1639943 -37.8804292),"620493505",2101,pharmacy,National Pharmacies
POINT (145.1486317 -37.8727104),"620502977",2101,pharmacy,Syndal Pharmacy
POINT (145.093218 -37.8656728),"620506499",2101,pharmacy,Pharmasave
POINT (145.3120315 -37.7853426),"621168557",2101,pharmacy,Priceline Pharmacy
POINT (145.2407149 -37.859629),"625054491",2101,pharmacy,Studfield Pharmacy
POINT (145.1493809 -37.8533843),"630106047",2101,pharmacy,Amcal
POINT (145.0061741 -37.8977824),"631470699",2101,pharmacy,
POINT (144.9561122 -37.8160613),"633912826",2101,pharmacy,Bourke Place Pharmacy
POINT (145.3992602 -36.383438),"638111506",2101,pharmacy,Chemist Warehouse
POINT (144.323999 -38.1724955),"638198230",2101,pharmacy,Amcal
POINT (145.043888 -37.829784),"642936420",2101,pharmacy,David Ford Pharmacy
POINT (143.8853863 -37.6500949),"664333575",2101,pharmacy,UFS
POINT (144.9517645 -37.8145473),"667226013",2101,pharmacy,Spencer Street Pharmacy
POINT (144.9492203 -37.7718654),"669181736",2101,pharmacy,Priceline
POINT (142.9811668 -38.4848286),"687478030",2101,pharmacy,Timboon Pharmacy
POINT (145.0650101 -37.7432032),"688016768",2101,pharmacy,Blooms Pharmacy
POINT (144.9640077 -37.7443222),"703067976",2101,pharmacy,Pharmacy 4 Less
POINT (142.9169285 -38.2408443),"704426940",2101,pharmacy,
POINT (144.967418 -37.818596),"706916776",2101,pharmacy,Flinders Street Station Pharmacy
POINT (144.9822466 -37.8342367),"730314296",2101,pharmacy,Domain Road Pharmacy
POINT (143.8591726 -37.536985),"731711807",2101,pharmacy,Terry White Chemmart
POINT (143.9200713 -35.7342814),"732428281",2101,pharmacy,Terry White Chemart
POINT (144.9442999 -37.8203792),"752604201",2101,pharmacy,Victoria Harbour Pharmacy + News
POINT (144.7407725 -37.7556203),"767172011",2101,pharmacy,Pepins Pharmacy
POINT (145.8562375 -38.1353248),"768261410",2101,pharmacy,Advantage Pharmacy
POINT (144.5588662 -37.6859754),"768262599",2101,pharmacy,Guardian Pharmacy
POINT (145.2860936 -38.0045955),"768629191",2101,pharmacy,St Mina Pharmacy
POINT (144.9653292 -37.7017832),"774464776",2101,pharmacy,Pharmacy World Fawkner
POINT (144.9701223 -37.7074517),"774464777",2101,pharmacy,Pharmacy World
POINT (145.0261714 -37.8218428),"802084414",2101,pharmacy,Power Street Pharmacy
POINT (144.9717787 -37.78843),"811034475",2101,pharmacy,David Nolte Pharmacy
POINT (145.2900203 -37.8881299),"823954543",2101,pharmacy,Chemist Warehouse
POINT (144.995632 -37.80962),"835998633",2101,pharmacy,Chemist Warehouse
POINT (144.3175667 -38.3278892),"848692554",2101,pharmacy,Surfcoast Pharmacy
POINT (145.081906 -37.6563598),"849458640",2101,pharmacy,
POINT (143.7863173 -38.3370745),"849463830",2101,pharmacy,Birregurra Pharmacy
POINT (142.199376 -36.715277),"851797164",2101,pharmacy,Amcal
POINT (144.8308262 -37.8676977),"885893434",2101,pharmacy,Tom Sarros Pharmacy
POINT (145.0313343 -37.9328414),"906439211",2101,pharmacy,Bart's The Chemist
POINT (144.9891794 -37.8720777),"932421536",2101,pharmacy,My Chemist
POINT (144.3447835 -38.1733124),"938165862",2101,pharmacy,Our Corner Pharmacy
POINT (145.001303 -37.7676065),"939020676",2101,pharmacy,Pulse Pharmacy
POINT (144.996878 -37.78079),"945554658",2101,pharmacy,Westgarth Pharmacy
POINT (144.9608214 -37.8078972),"968356246",2101,pharmacy,Priceline Pharmacy
POINT (144.996068 -37.83943),"976336619",2101,pharmacy,Como Compounding Pharmacy
POINT (145.2314442 -37.8480185),"984957605",2101,pharmacy,Community Pharmacy Wantirna
POINT (145.0165304 -37.9749634),"992112341",2101,pharmacy,Black Rock Pharmacy
POINT (145.6487283 -35.9194178),"992599490",2101,pharmacy,Ukich Pharmacy
POINT (145.1779218 -37.8762656),"995593324",2101,pharmacy,Kerrie Road Pharmacy
POINT (144.3227076 -37.3890419),"1001983800",2101,pharmacy,Trentham Pharmacy
POINT (145.0426885 -37.8763458),"1017419618",2101,pharmacy,Caulfield Plaza Pharmasave
POINT (144.9978338 -37.8767633),"1021358708",2101,pharmacy,Discount Drug Store
POINT (144.993468 -37.839118),"1055740552",2101,pharmacy,Oggs Pharmacy
POINT (144.998896 -37.840014),"1055787544",2101,pharmacy,
POINT (144.9987841 -37.7694484),"1068759813",2101,pharmacy,Chemist Warehouse
POINT (144.930266 -37.794569),"1072618139",2101,pharmacy,Newton's Pharmacy
POINT (144.924295 -37.7669583),"1077865296",2101,pharmacy,Puckle St Discount Pharmacy
POINT (145.1862793 -37.8911425),"1106931695",2101,pharmacy,Jells Park Pharmacy
POINT (145.2877832 -38.0515404),"1121149894",2101,pharmacy,Amberley Park Pharmacy
POINT (145.2998703 -38.0681387),"1121174295",2101,pharmacy,Casey Central Pharmacy
POINT (145.0421744 -37.7687408),"1121175449",2101,pharmacy,Mount's Pharmacy
POINT (145.039562 -37.9184381),"1133631303",2101,pharmacy,Priceline Pharmacy
POINT (145.041493 -37.9186749),"1133632667",2101,pharmacy,Bentleigh Corner Pharmacy
POINT (145.0919152 -37.8748098),"1138258516",2101,pharmacy,Pharmasave
POINT (144.965724 -37.813175),"1141353788",2101,pharmacy,Chemist Warehouse
POINT (145.1944032 -37.8276283),"1166135962",2101,pharmacy,
POINT (145.1298886 -38.1420193),"1172044806",2101,pharmacy,
POINT (145.1239522 -38.1424127),"1172058788",2101,pharmacy,
POINT (144.3641246 -38.1503434),"1185641886",2101,pharmacy,Geelong Day & Night Pharmacy
POINT (145.3584809 -37.9299856),"1207229519",2101,pharmacy,Belgrave South Pharmacy
POINT (145.0923876 -37.7654262),"1224826348",2101,pharmacy,Chemist Warehouse
POINT (145.2653611 -37.842006),"1227517775",2101,pharmacy,Pharmore
POINT (145.1569857 -38.1123587),"1240415337",2101,pharmacy,PharmaSave
POINT (144.994409 -37.8463192),"1240464956",2101,pharmacy,Chemist Warehouse
POINT (145.034466 -37.9335682),"1240683010",2101,pharmacy,Chemist Warehouse
POINT (145.0025271 -37.8846535),"1240734798",2101,pharmacy,Chemist Warehouse
POINT (144.1428641 -37.3419329),"1240761020",2101,pharmacy,Chemmart
POINT (145.3061318 -38.0251064),"1247865789",2101,pharmacy,Chemist Warehouse
POINT (144.2261644 -37.6003268),"1257803664",2101,pharmacy,
POINT (144.7009929 -36.3615358),"1260633052",2101,pharmacy,Chemist
POINT (144.5236736 -38.2680102),"1274284216",2101,pharmacy,Ocean Grove Pharmacy
POINT (144.9595854 -37.8132311),"1282403388",2101,pharmacy,National
POINT (143.5587146 -35.3403868),"1285477488",2101,pharmacy,Amcal
POINT (145.0928256 -37.8644123),"1313710552",2101,pharmacy,
POINT (142.4842237 -38.3834195),"1339119772",2101,pharmacy,Priceline Pharmacy
POINT (145.0520724 -37.8544397),"1357413436",2101,pharmacy,
POINT (145.0344961 -37.9861607),"1363204571",2101,pharmacy,
POINT (143.1482337 -38.2338037),"1368557084",2101,pharmacy,Murray Fry - Amcal Pharmacy
POINT (144.9162579 -37.7055259),"1381301424",2101,pharmacy,Priceline Pharmacy
POINT (145.1108916 -37.8375212),"1387114186",2101,pharmacy,Amcal
POINT (142.19951 -36.7138),"1391622062",2101,pharmacy,Horsham Chemmart Pharmacy
POINT (142.024836 -37.743129),"1392002519",2101,pharmacy,Robsons Pharmacy
POINT (142.024982 -37.743066),"1392002520",2101,pharmacy,James Dean Pharmacy
POINT (145.2391966 -37.8689179),"1399481306",2101,pharmacy,Amcal
POINT (145.2407093 -37.8689094),"1399481315",2101,pharmacy,Pulse
POINT (144.940216 -37.5979344),"1410988736",2101,pharmacy,Craigieburn Pharmacy
POINT (144.9982989 -37.7718264),"1427083062",2101,pharmacy,Rocchi's Pharmacy
POINT (145.1756496 -37.8175404),"1428590330",2101,pharmacy,Nunawading Pharmacy
POINT (145.0588068 -37.8314659),"1428954241",2101,pharmacy,Chemist Warehouse
POINT (145.0410054 -37.7488684),"1432376911",2101,pharmacy,Chemist Warehouse
POINT (145.0447409 -37.8235685),"1435390358",2101,pharmacy,
POINT (144.9788235 -37.4140729),"1436087656",2101,pharmacy,Wallan Pharmacy
POINT (145.2805012 -37.7978413),"1436483864",2101,pharmacy,D G Grey and Burns
POINT (145.2392318 -37.9851572),"1453190623",2101,pharmacy,
POINT (144.9975399 -37.7085859),"1455654825",2101,pharmacy,Joseph Amerena Pharmacy
POINT (144.8634965 -37.8365749),"1464000787",2101,pharmacy,Guardian Pharmacy
POINT (145.3469842 -38.0297484),"1485217671",2101,pharmacy,Priceline Pharmacy
POINT (145.1758374 -37.9678399),"1530420310",2101,pharmacy,Chemist Warehouse
POINT (145.1636428 -37.7819496),"1538647050",2101,pharmacy,Amcal
POINT (145.1486588 -37.7887666),"1540326806",2101,pharmacy,
POINT (145.2170966 -36.6165982),"1574807322",2101,pharmacy,Murchison PharmaSave Pharmacy
POINT (145.1196937 -37.7092094),"1618953591",2101,pharmacy,Briar Hill Pharmacy
POINT (143.8202096 -37.5356762),"1619206784",2101,pharmacy,The Ballarat Pet Pharmacy
POINT (145.1769979 -37.9164323),"1626464859",2101,pharmacy,Buckleys Pharmacy
POINT (144.9865991 -37.7798521),"1629219348",2101,pharmacy,John Silverii's Pharmacy
POINT (141.2947315 -37.0367661),"1631112272",2101,pharmacy,Edenhope Pharmacy
POINT (144.9664664 -37.8278887),"1633478242",2101,pharmacy,Chemist Warehouse
POINT (144.9711496 -37.7757669),"1671557053",2101,pharmacy,Superpharmacy
POINT (145.0641993 -37.7431913),"1694249037",2101,pharmacy,Andrew Katona Pharmacy
POINT (145.0163952 -37.9752214),"1708466798",2101,pharmacy,Pharmacy360
POINT (145.0459995 -37.8462294),"1709523813",2101,pharmacy,Amcal
POINT (145.0172138 -38.4737336),"1737226909",2101,pharmacy,Flinders Pharmacy
POINT (144.9912481 -37.8803621),"1749593151",2101,pharmacy,
POINT (145.3048466 -38.0259948),"1780039770",2101,pharmacy,
POINT (142.4836882 -38.3814395),"1781664542",2101,pharmacy,Artz & Kay Pharmacy
POINT (147.5914772 -37.1004788),"1789551901",2101,pharmacy,Omeo Pharmacy
POINT (145.3085999 -38.0205326),"1789902733",2101,pharmacy,Chemmart Pharmacy
POINT (145.3922308 -36.408574),"1791659668",2101,pharmacy,Chemist Warehouse
POINT (144.7536003 -37.7586734),"1793136311",2101,pharmacy,Chemist Warehouse
POINT (147.6295382 -37.826025),"1818510948",2101,pharmacy,TerryWhite Chemmart
POINT (147.6309157 -37.8245042),"1818522137",2101,pharmacy,Advantage Pharmacy
POINT (147.0801887 -37.9670159),"1828187286",2101,pharmacy,Stratford Healthcare Pharmacy
POINT (145.1210656 -37.7160721),"1864449247",2101,pharmacy,Montmorency Pharmacy
POINT (144.7176883 -38.1712852),"1869710584",2101,pharmacy,St Leonards Pharmacy
POINT (145.0479683 -38.2459093),"1880400749",2101,pharmacy,
POINT (145.0777096 -37.8632855),"1894129140",2101,pharmacy,Ashburton Chemmart Pharmacy
POINT (145.1823304 -38.0884679),"1909805532",2101,pharmacy,Amcal
POINT (144.3370899 -38.1383729),"1923571725",2101,pharmacy,
POINT (143.7868201 -37.2932593),"1929804916",2101,pharmacy,
POINT (145.1275337 -37.8769733),"1948157042",2101,pharmacy,Beovich's Guardian Pharmacy
POINT (145.1255029 -38.3731568),"1948957579",2101,pharmacy,Wise Dispensary
POINT (145.1776238 -38.3364066),"1952164973",2101,pharmacy,Discount Chemist
POINT (145.1663125 -37.9234704),"1954089143",2101,pharmacy,
POINT (145.3470177 -38.0310596),"1955889303",2101,pharmacy,Berwick Pharmacy
POINT (145.3465054 -38.0309962),"1955890105",2101,pharmacy,Berwick Pharmacy
POINT (144.8618701 -37.749104),"1958574666",2101,pharmacy,Chemist Warehouse
POINT (145.001454 -37.752489),"1959962973",2101,pharmacy,Koutsis Pharmacy
POINT (146.7862894 -37.9806878),"1969289686",2101,pharmacy,Amcal
POINT (144.9663704 -37.8200811),"1982100159",2101,pharmacy,Southgate Pharmacy
POINT (146.7886522 -38.1517824),"2037291893",2101,pharmacy,Rosedale Pharmacy
POINT (145.0783691 -37.8631408),"2039378818",2101,pharmacy,Friends Pharmacy
POINT (144.5885093 -37.486753),"2047923131",2101,pharmacy,Chemist Warehouse
POINT (146.5376848 -38.1967009),"2059121412",2101,pharmacy,Guardian Pharmacy
POINT (146.5381875 -38.1960611),"2059121982",2101,pharmacy,Chemist Warehouse
POINT (144.9831014 -37.7837464),"2068000288",2101,pharmacy,North Fitzroy Pharmacy
POINT (147.6124728 -37.8293891),"2082800960",2101,pharmacy,Chemist Warehouse
POINT (146.1564379 -38.4010386),"2083156059",2101,pharmacy,Mirboo North Pharmacy
POINT (145.1177044 -38.0219768),"2086942273",2101,pharmacy,My Chemist
POINT (145.231114 -37.8981854),"2113046308",2101,pharmacy,Scoresby Village Pharmacy
POINT (145.1858224 -37.9750713),"2115102613",2101,pharmacy,Chandler Road Medical Centre
POINT (145.0862516 -38.0058467),"2118844234",2101,pharmacy,Mordialloc Amcal Max Pharmacy
POINT (145.3227331 -38.0139872),"2124542651",2101,pharmacy,Advantage Pharmacy
POINT (145.1025398 -38.0271477),"2134636268",2101,pharmacy,Aspendale Pharmacy
POINT (144.965061 -37.814029),"2147380031",2101,pharmacy,Priceline Pharmacy
POINT (145.1403164 -37.8082747),"2155949132",2101,pharmacy,
POINT (145.369712 -37.8840335),"2160202055",2101,pharmacy,Kallista Chinese Medicine
POINT (145.4274898 -37.7796915),"2160337387",2101,pharmacy,Wandin North Pharmacy
POINT (144.3186271 -36.7042251),"2160869500",2101,pharmacy,Chemist Warehouse
POINT (144.9583808 -37.8165161),"2174681243",2101,pharmacy,Priceline Pharmacy
POINT (144.971694 -37.811572),"2174684611",2101,pharmacy,U Pharmacy
POINT (145.1177432 -37.5118876),"2176174654",2101,pharmacy,Amcal
POINT (146.9767339 -37.9668594),"2176526176",2101,pharmacy,Direct Chemist Outlet
POINT (145.2137881 -37.9874322),"2191594612",2101,pharmacy,Chemist Warehouse
POINT (143.8255701 -37.5712077),"2193740693",2101,pharmacy,
POINT (146.1542661 -38.2081952),"2209196505",2101,pharmacy,Guardian Pharmacy
POINT (145.0791182 -37.8634802),"2212722366",2101,pharmacy,Jim Wong Pharmacy
POINT (144.959351 -37.806646),"2274621108",2101,pharmacy,Queen Victoria Market Chemist
POINT (145.8582801 -38.1365551),"2290022371",2101,pharmacy,Amcal
POINT (148.4550022 -37.7057921),"2307241342",2101,pharmacy,Orbost Pharmacy
POINT (142.5877721 -36.4595002),"2312914681",2101,pharmacy,Minyip Medical Supplies Depot
POINT (145.1275004 -37.8765556),"2332697018",2101,pharmacy,Chemist Warehouse
POINT (144.994465 -37.751857),"2338787456",2101,pharmacy,Khatri Pharmacy
POINT (144.900853 -37.799778),"2345149185",2101,pharmacy,Thao Nguyen
POINT (144.991061 -37.788216),"2355625420",2101,pharmacy,Clifton Hill Pharmacy
POINT (144.728554 -37.893127),"2375812574",2101,pharmacy,Discount Chemist
POINT (145.0932526 -37.8355553),"2381880661",2101,pharmacy,
POINT (147.8534112 -37.892397),"2387119210",2101,pharmacy,Amcal Chemist Metung Depot
POINT (143.8681011 -36.5755765),"2390343183",2101,pharmacy,Guardian
POINT (145.2227324 -37.9772657),"2405995305",2101,pharmacy,
POINT (142.0290505 -37.7367118),"2410442589",2101,pharmacy,James Dean Pharmacy
POINT (145.0742354 -37.9228795),"2417680744",2101,pharmacy,East Bentleigh Pharmacy
POINT (145.1363993 -38.0450828),"2418503716",2101,pharmacy,Your Pharmacy
POINT (145.0642025 -38.2379),"2442395263",2101,pharmacy,Chemist Warehouse
POINT (144.8997701 -37.7994893),"2456364662",2101,pharmacy,Hoa Đà
POINT (145.0745125 -37.9154869),"2475151638",2101,pharmacy,
POINT (144.968056 -37.695929),"2476191055",2101,pharmacy,Pharmacy World
POINT (143.669228 -38.756109),"2484506997",2101,pharmacy,Community Care Chemist
POINT (145.3461126 -38.0421827),"2497973759",2101,pharmacy,"24 hour pharmacy"
POINT (145.4247146 -36.3878007),"2507888518",2101,pharmacy,Priceline Pharmacy
POINT (145.1235574 -38.1423617),"2507888998",2101,pharmacy,Priceline Pharmacy
POINT (145.0867044 -38.0075569),"2511126994",2101,pharmacy,Beachside Pharmacy
POINT (144.9607597 -37.8338107),"2531693168",2101,pharmacy,Chemist Warehouse
POINT (144.9805544 -37.8691941),"2535800179",2101,pharmacy,Priceline Pharmacy
POINT (144.974695 -37.8615939),"2535972375",2101,pharmacy,
POINT (145.264371 -38.0350778),"2535983416",2101,pharmacy,Nova Pharmacy
POINT (145.1655086 -37.8791355),"2564320236",2101,pharmacy,Chemist Warehouse
POINT (145.1655472 -37.8789125),"2564320239",2101,pharmacy,
POINT (145.3819428 -38.2143186),"2580549664",2101,pharmacy,Tooradin Pharmacy
POINT (145.0485625 -37.7364628),"2586577191",2101,pharmacy,Heidelberg West Pharmacy
POINT (147.9869243 -37.8802166),"2603077527",2101,pharmacy,
POINT (145.0212117 -37.7588937),"2623008994",2101,pharmacy,
POINT (144.990497 -37.868518),"2626621819",2101,pharmacy,Chapel Gate Pharmacy
POINT (144.9179703 -37.7662842),"2629704666",2101,pharmacy,Moonee Ponds Medical Centre
POINT (144.9187283 -37.7553276),"2632039770",2101,pharmacy,Chemist Warehouse
POINT (145.0042175 -37.9514794),"2634706434",2101,pharmacy,Sandringham Amcal Pharmacy
POINT (144.9107926 -37.7448621),"2646010973",2101,pharmacy,SIA Medical Centre
POINT (144.9090112 -37.7441731),"2648674868",2101,pharmacy,
POINT (145.1525318 -38.1389891),"2650878575",2101,pharmacy,
POINT (144.5897082 -37.4849995),"2669348190",2101,pharmacy,Priceline Pharmacy
POINT (145.046412 -36.3133827),"2670838355",2101,pharmacy,Amcal Pharmacy
POINT (144.8666239 -37.733254),"2674674074",2101,pharmacy,
POINT (144.8642743 -37.7678821),"2681854538",2101,pharmacy,
POINT (145.1375828 -38.1636943),"2686131905",2101,pharmacy,Hildebrand's Compounding Pharmacy
POINT (144.7497679 -36.1279424),"2708678711",2101,pharmacy,Priceline Pharmacy
POINT (144.7495748 -36.1273272),"2708679236",2101,pharmacy,Amcal
POINT (144.946427 -37.798636),"2711791101",2101,pharmacy,North Melbourne Pharmacy
POINT (145.076768 -37.848098),"2714896795",2101,pharmacy,U Pharmacy
POINT (146.3263572 -36.3547415),"2774542953",2101,pharmacy,Curtis Adams Pharmacy
POINT (144.9871973 -37.8164145),"2778777205",2101,pharmacy,Pymans Pharmacy
POINT (145.0931085 -37.7119983),"2822634489",2101,pharmacy,Care Pharmacy
POINT (144.8001988 -37.7024176),"2867998084",2101,pharmacy,Taylors Lakes Pharmacy
POINT (145.5696333 -36.7496862),"2902997364",2101,pharmacy,Amcal
POINT (145.091781 -37.8930168),"2928752108",2101,pharmacy,Chemist Warehouse
POINT (145.1716863 -37.992545),"2940049925",2101,pharmacy,Amcal
POINT (145.2931615 -38.0931603),"2953650596",2101,pharmacy,Park Avenue Pharmacy
POINT (144.8471934 -37.8324739),"2982440646",2101,pharmacy,Chemist Warehouse
POINT (144.8960266 -37.7270131),"3006800185",2101,pharmacy,Core Pharmacy
POINT (144.9279796 -37.7875095),"3027149801",2101,pharmacy,Chemist Warehouse
POINT (145.0359005 -37.7955419),"3049707733",2101,pharmacy,BL Butcher Pharmacy
POINT (145.3390661 -38.0628079),"3064203254",2101,pharmacy,Eden Rise Pharmacy
POINT (144.9934288 -38.3111989),"3076312675",2101,pharmacy,Chemist Warehouse
POINT (144.3616905 -38.1523387),"3251586930",2101,pharmacy,Soul Pattinson Chemist
POINT (145.04104 -37.853233),"3268338661",2101,pharmacy,Malvern Village Pharmacy
POINT (145.0042629 -37.9055828),"3270433151",2101,pharmacy,Chemist Warehouse
POINT (144.7994883 -37.7422293),"3287021773",2101,pharmacy,Ren Jih Tang
POINT (145.0721192 -37.7009852),"3302160217",2101,pharmacy,Andrew Place Pharmacy
POINT (144.9606382 -37.7768311),"3367458658",2101,pharmacy,Tambassis
POINT (145.136734 -37.0244124),"3374192945",2101,pharmacy,Guardian
POINT (146.7263667 -36.5617452),"3408078822",2101,pharmacy,Myrtleford Pharmacy
POINT (145.1326009 -37.9117198),"3413754050",2101,pharmacy,Campus Pharmacy
POINT (145.0484434 -37.712364),"3437078565",2101,pharmacy,Chemist Warehouse
POINT (144.9566249 -37.6868477),"3442643885",2101,pharmacy,Chemist Warehouse
POINT (143.6864485 -37.6441714),"3444578399",2101,pharmacy,Smythesdale Pharmacy
POINT (143.7303135 -36.8583934),"3455062645",2101,pharmacy,Dunolly Pharmacy
POINT (144.9160135 -37.7736278),"3511457413",2101,pharmacy,Pharma Deal
POINT (144.979076 -37.7937198),"3520906893",2101,pharmacy,Patel's Pharmacy
POINT (145.5181447 -37.6527926),"3565547531",2101,pharmacy,Healesville Walk Soul Pattinson Chemist
POINT (146.4204094 -38.2410774),"3610547957",2101,pharmacy,Chemist Warehouse
POINT (145.082304 -37.7113816),"3704220022",2101,pharmacy,Spencer's Amcal Pharmacy
POINT (145.0823661 -37.7108428),"3704231743",2101,pharmacy,Wasonia Pharmacy
POINT (145.0826709 -37.7094068),"3704488962",2101,pharmacy,Low Price Pharmacy
POINT (144.9275793 -37.7732032),"3719772126",2101,pharmacy,Chemist Warehouse
POINT (145.0124377 -37.6955757),"3719837790",2101,pharmacy,Violet Soliman Pharmacy
POINT (145.4872241 -38.1986491),"3722290987",2101,pharmacy,
POINT (146.8927065 -36.1396556),"3755195576",2101,pharmacy,
POINT (146.9093282 -36.1383894),"3755297581",2101,pharmacy,Good Price Pharmacy Warehouse
POINT (145.0012229 -37.7687211),"3775879859",2101,pharmacy,PharmaSave
POINT (145.001272 -37.768886),"3775893957",2101,pharmacy,Priceline Pharmacy
POINT (144.975436 -37.807785),"3788393757",2101,pharmacy,HealthSmart Pharmacy
POINT (144.9835109 -37.8043513),"3800096857",2101,pharmacy,Good Price Pharmacy
POINT (145.0090303 -37.7166987),"3836788560",2101,pharmacy,My Chemist
POINT (144.9608145 -37.8096227),"3841976993",2101,pharmacy,Vita Pharmacy
POINT (144.8811583 -37.8424244),"3881388141",2101,pharmacy,Newport Pharmacy
POINT (144.976114 -37.8607947),"3885307023",2101,pharmacy,PharmaSave
POINT (145.1221281 -37.8183146),"3886063386",2101,pharmacy,Chemist Warehouse
POINT (144.454179 -38.1860833),"3909127669",2101,pharmacy,Discount Chemist
POINT (146.4204626 -38.2411106),"3911577005",2101,pharmacy,Chemist warehouse
POINT (144.9994795 -37.8105601),"3922908258",2101,pharmacy,Richmond Pharmacy
POINT (144.996378 -37.8102285),"3922937457",2101,pharmacy,Thao Nguyen Pharmacy
POINT (144.9594395 -37.6875943),"3953229702",2101,pharmacy,PharmaSave
POINT (145.0903568 -37.5938844),"4030606384",2101,pharmacy,Chemist Warehouse
POINT (145.151234 -37.9496188),"4041045883",2101,pharmacy,Lim's Pharmacy
POINT (145.1522912 -37.949499),"4041048232",2101,pharmacy,BSE
POINT (145.1518876 -37.953),"4041199622",2101,pharmacy,Chemist Warehouse
POINT (144.982283 -37.809279),"4055758589",2101,pharmacy,Slade Pharmacy
POINT (144.705941 -37.8508216),"4060933077",2101,pharmacy,Pharmasave
POINT (144.9899701 -37.7363492),"4063310126",2101,pharmacy,Preston pharmacy
POINT (145.1325737 -37.9833822),"4064509741",2101,pharmacy,Nova Pharmacy
POINT (145.0180408 -37.7781112),"4064857408",2101,pharmacy,Fairfield Pharmacy
POINT (145.0851672 -37.8874484),"4066348895",2101,pharmacy,Chemist Warehouse
POINT (145.0556549 -37.9663301),"4077652556",2101,pharmacy,Pharmasave
POINT (145.0557239 -37.9660945),"4077652563",2101,pharmacy,Chemist Warehouse
POINT (145.1618448 -37.9060441),"4079338521",2101,pharmacy,Priceline Pharmacy
POINT (144.7331719 -37.885028),"4192572945",2101,pharmacy,Pharmasave
POINT (145.0655261 -37.8107887),"4196345689",2101,pharmacy,Deepdene Pharmacy
POINT (145.1663427 -37.9806155),"4208899466",2101,pharmacy,Kingsclere Pharmacy
POINT (145.0421632 -37.7493802),"4224608821",2101,pharmacy,Pursuit
POINT (144.9407476 -37.7200957),"4230118825",2101,pharmacy,Kent Road Pharmacy
POINT (145.3085291 -37.8943461),"4249860929",2101,pharmacy,Advantage Pharmacy
POINT (147.6312079 -37.8110735),"4292228782",2101,pharmacy,Chemmart Pharmacy Bairnsdale
POINT (145.1488695 -37.9717634),"4300537100",2101,pharmacy,O'Brien Pharmacy
POINT (145.0540821 -37.8459453),"4308263751",2101,pharmacy,Slade
POINT (145.0301606 -37.8517947),"4308263755",2101,pharmacy,Upharmacy
POINT (146.8878948 -36.1218187),"4313811304",2101,pharmacy,TerryWhite Chemmart
POINT (146.8883276 -36.1220423),"4313811307",2101,pharmacy,Guardian Pharmacy
POINT (145.2873609 -37.8159678),"4373595107",2101,pharmacy,Merrindale Pharmacy
POINT (145.257385 -37.9139897),"4456068276",2101,pharmacy,Amcal
POINT (144.9605325 -37.8117488),"4509652396",2101,pharmacy,Urban Pharmacy
POINT (142.2370231 -38.3849584),"4569825909",2101,pharmacy,Guardian Pharmacy
POINT (144.3166588 -38.1994485),"4579725991",2101,pharmacy,Priceline Pharmacy
POINT (143.7863013 -37.5438681),"4582687744",2101,pharmacy,Pharmacy 4 Less
POINT (144.8995273 -37.7400233),"4673941177",2101,pharmacy,
POINT (142.3419843 -37.6496214),"4719390865",2101,pharmacy,Dunkeld Pharmacy
POINT (141.9936965 -35.8981537),"4744153988",2101,pharmacy,Rainbow Community Pharmacy
POINT (144.8627256 -37.793792),"4759567962",2101,pharmacy,
POINT (144.8901807 -37.8164973),"4785598112",2101,pharmacy,Yarraville Pharmacy
POINT (144.9710457 -37.8126068),"4788724029",2101,pharmacy,Priceline Pharmacy
POINT (144.963368 -37.8113089),"4788735126",2101,pharmacy,Priceline Pharmacy
POINT (145.1039069 -37.7038902),"4795036452",2101,pharmacy,Chemist Warehouse
POINT (145.1033651 -37.7031094),"4795036455",2101,pharmacy,Priceline Pharmacy
POINT (145.084562 -37.8131032),"4796207980",2101,pharmacy,Discount Pharmacy
POINT (143.817684 -37.555545),"4857721821",2101,pharmacy,Chemist Warehouse
POINT (144.7110486 -36.9260736),"4947998927",2101,pharmacy,Heathcote Pharmacy
POINT (145.4102815 -38.0037336),"4958263483",2101,pharmacy,
POINT (145.4922824 -37.9359883),"4959543508",2101,pharmacy,
POINT (144.881666 -37.8171757),"4989531297",2101,pharmacy,Yarraville Square Pharmacy
POINT (145.0465495 -37.2043604),"4996717372",2101,pharmacy,PharmaSave
POINT (144.6747387 -37.8397477),"5009316626",2101,pharmacy,Chemist Warehouse
POINT (144.8953406 -37.8005581),"5010984431",2101,pharmacy,Paisley Clinic Pharmacy
POINT (145.2086212 -37.9658892),"5055552327",2101,pharmacy,Lyndal Pharmacy
POINT (145.0764414 -37.993525),"5074729422",2101,pharmacy,Terry White Chemmart
POINT (145.2834686 -38.0337914),"5120918825",2101,pharmacy,Chemist Warehouse
POINT (145.156504 -37.9346744),"5130544312",2101,pharmacy,Highway Pharmacy
POINT (144.9635274 -37.8143763),"5130664932",2101,pharmacy,Chemist Warehouse
POINT (145.2912546 -38.0848119),"5153140747",2101,pharmacy,Chemist Warehouse
POINT (145.1426229 -37.9616914),"5187993663",2101,pharmacy,Springvale Plaza Pharmacy
POINT (145.1509426 -37.9508986),"5195526327",2101,pharmacy,Lee Pharmacy
POINT (145.1512142 -37.9519819),"5202160714",2101,pharmacy,Windsor Avenue Pharmacy
POINT (145.1513619 -37.9519919),"5213706393",2101,pharmacy,Quang Minh Chinese Medicine
POINT (145.1521687 -37.9539522),"5213706400",2101,pharmacy,Supps 247
POINT (145.1750021 -37.9665795),"5215342603",2101,pharmacy,Mitchell Chemist
POINT (145.1735016 -37.9931251),"5215392887",2101,pharmacy,Pharmacy 4 Less
POINT (145.213923 -37.9900485),"5217624058",2101,pharmacy,Iron Supplements
POINT (145.2150644 -37.9871746),"5227802721",2101,pharmacy,Pharmasave
POINT (145.2154102 -37.9875143),"5227802725",2101,pharmacy,Dandenong Central Pharmacy
POINT (144.9146132 -37.6827196),"5240504730",2101,pharmacy,The Greater Diacount Chemist
POINT (145.1158984 -37.9283623),"5242024750",2101,pharmacy,Vicky Melissas
POINT (145.1162221 -37.9283662),"5242024787",2101,pharmacy,
POINT (144.7418087 -37.7023123),"5242175966",2101,pharmacy,
POINT (145.0686017 -37.890215),"5263269599",2101,pharmacy,Min Shop
POINT (144.9893494 -37.8724785),"5269671990",2101,pharmacy,Chemist Warehouse
POINT (145.0410836 -37.8582476),"5272039163",2101,pharmacy,Malvern Corner Pharmacy
POINT (144.8801088 -37.8057639),"5273446063",2101,pharmacy,Pharmacy 4 You
POINT (145.0572521 -37.8874245),"5274784269",2101,pharmacy,Caremore Pharmacy Carnegie
POINT (145.0626303 -37.8011507),"5282956564",2101,pharmacy,Casey's Pharmacy
POINT (145.2149274 -37.9897993),"5285526939",2101,pharmacy,New Life
POINT (145.0644741 -37.7935051),"5289217069",2101,pharmacy,North Balwyn Pharmacy
POINT (144.5482055 -38.2578568),"5302873988",2101,pharmacy,Direct Chemist Outlet
POINT (144.3722189 -38.15537),"5302873990",2101,pharmacy,Discount Drugstores
POINT (144.8565766 -38.3685558),"5302902238",2101,pharmacy,Pharmasave
POINT (145.125684 -38.1423695),"5305636018",2101,pharmacy,Parry Pharmacy
POINT (145.0853866 -37.7319205),"5313055444",2101,pharmacy,
POINT (144.3061734 -36.7294525),"5326348072",2101,pharmacy,White Hills Pharmacy
POINT (145.0583403 -37.8843533),"5341866322",2101,pharmacy,Priceline Pharmacy
POINT (144.9944763 -37.7518501),"5346831698",2101,pharmacy,
POINT (145.0100582 -37.8634149),"5352025211",2101,pharmacy,Your Pharmacy Alma Village
POINT (144.9729306 -37.7634551),"5374874311",2101,pharmacy,Lygon Discount Chemist
POINT (145.0631546 -37.982515),"5388536319",2101,pharmacy,Chemist Warehouse
POINT (145.0645262 -37.9819694),"5388536554",2101,pharmacy,Good Health Pharmacy
POINT (145.2352793 -37.919566),"5395680031",2101,pharmacy,Chemist Warehouse
POINT (144.9624259 -37.7643726),"5408654827",2101,pharmacy,
POINT (143.73692 -37.0472225),"5449824575",2101,pharmacy,Priceline Pharmacy
POINT (147.9039827 -36.1961436),"5453044274",2101,pharmacy,Corryong Pharmacy
POINT (145.0768132 -37.8949907),"5472109992",2101,pharmacy,Charles Pharmacy
POINT (145.0576479 -37.860172),"5502554949",2101,pharmacy,Glen Iris Pharmacy
POINT (145.2205383 -37.9708789),"5521846560",2101,pharmacy,Discount Pharmacy
POINT (144.4347937 -37.6772353),"5574677098",2101,pharmacy,UFS Pharmacy
POINT (145.0181859 -37.7774061),"5579849392",2101,pharmacy,Fairfield uPharmacy
POINT (145.0182832 -37.7767205),"5579882853",2101,pharmacy,UFS Pharmacy
POINT (145.0183285 -37.7764114),"5579882858",2101,pharmacy,Chemist Warehouse
POINT (145.0327293 -37.6993102),"5665199296",2101,pharmacy,Gertz Avenue Pharmacy
POINT (145.0036421 -37.7392238),"5674121283",2101,pharmacy,Preston Discount Pharmacy
POINT (145.0035218 -37.7399571),"5674121290",2101,pharmacy,Medipharmacy Discount Chemist
POINT (145.2826406 -38.1124746),"5695786040",2101,pharmacy,TerryWhite Chemmart
POINT (145.7185989 -38.0975182),"5706798428",2101,pharmacy,Bunyip Pharmacy
POINT (144.7289992 -37.5805221),"5717999724",2101,pharmacy,Chemist Warehouse
POINT (145.0338913 -37.986487),"5808348562",2101,pharmacy,
POINT (145.0459671 -37.9787818),"5808348563",2101,pharmacy,Amcal
POINT (144.8320991 -37.7857239),"5824763740",2101,pharmacy,Sunshine Arcade Pharmacy
POINT (144.8320419 -37.7836994),"5824763988",2101,pharmacy,Linh Chi Chinese Medicine
POINT (144.8332952 -37.7820875),"5824764088",2101,pharmacy,Terrywhite Chemist
POINT (144.8328166 -37.7824776),"5824764090",2101,pharmacy,Sunshine Pharmacy
POINT (144.8326183 -37.7833453),"5824764106",2101,pharmacy,Hampshire Pharmacy
POINT (144.831629 -37.7821342),"5824769845",2101,pharmacy,Priceline Pharmacy
POINT (144.8329185 -37.7850699),"5824861159",2101,pharmacy,Pharmasave
POINT (145.0003185 -37.759427),"5835741659",2101,pharmacy,Normanby Pharmacy
POINT (145.2026119 -37.9680492),"5853756806",2101,pharmacy,Dunearn Pharmacy
POINT (143.8622915 -37.5630202),"5855919135",2101,pharmacy,UFS Pharmacy
POINT (144.864725 -37.7824217),"5873136547",2101,pharmacy,Chemist King Discount Pharmacy
POINT (145.029344 -37.7445036),"5905412646",2101,pharmacy,Chemist Warehouse
POINT (145.0345044 -37.7139556),"5925846521",2101,pharmacy,Kingsbury Pharmacy
POINT (145.0167935 -37.6552189),"5927842086",2101,pharmacy,Chemist Warehouse
POINT (145.0050785 -37.7336294),"5928259297",2101,pharmacy,
POINT (144.9691821 -37.8112529),"5928461731",2101,pharmacy,Tong Ren Tang
POINT (144.9151121 -37.5932377),"5936035337",2101,pharmacy,Priceline Pharmacy
POINT (145.266024 -38.0326526),"5960549351",2101,pharmacy,Priceline Pharmacy
POINT (144.8010371 -37.7430706),"5980632213",2101,pharmacy,Alfrieda St Pharmacy
POINT (144.9602896 -37.8075207),"5982186591",2101,pharmacy,Newcore Health
POINT (144.1070494 -38.4589839),"5982692313",2101,pharmacy,
POINT (144.8991457 -37.8011747),"5999659696",2101,pharmacy,Daffney’s
POINT (145.1267698 -37.8013339),"6016903975",2101,pharmacy,Pharmasave
POINT (144.9005308 -37.7992637),"6033469817",2101,pharmacy,Saigon Compound
POINT (144.8974295 -37.800807),"6033569530",2101,pharmacy,Priceline Pharmacy
POINT (145.1331316 -37.8381776),"6042790000",2101,pharmacy,Chemist Warehouse
POINT (145.1241048 -38.1435898),"6059973137",2101,pharmacy,Chemist Warehouse
POINT (144.8512146 -37.7779519),"6089182114",2101,pharmacy,Chemist Warehouse
POINT (144.7735337 -37.7703943),"6110271988",2101,pharmacy,Deer Park Compound Pharmacy
POINT (144.9731453 -37.8133651),"6138135274",2101,pharmacy,Treasury Pharmacy
POINT (145.058495 -37.69655),"6147071143",2101,pharmacy,Priceline Pharmacy
POINT (145.1228671 -37.8183469),"6163184685",2101,pharmacy,Chemist Warehouse
POINT (145.0220321 -37.9459993),"6164774527",2101,pharmacy,Bluff Pharmacy
POINT (145.0215718 -37.8867127),"6165387309",2101,pharmacy,Nova Pharmacy
POINT (145.0217461 -37.8870173),"6165387372",2101,pharmacy,Priceline
POINT (145.0234341 -37.8869439),"6165387601",2101,pharmacy,Dartnells Compounding Pharmacy
POINT (145.3695906 -38.5211374),"6182440421",2101,pharmacy,San Remo Pharmacy
POINT (144.9698715 -37.81199),"6265815185",2101,pharmacy,Chemist Warehouse
POINT (144.9616621 -37.7689288),"6273054691",2101,pharmacy,Brunswick Pharmacy
POINT (145.2367983 -37.9201319),"6322398678",2101,pharmacy,Amcal Chemist
POINT (144.7009549 -37.8865625),"6342952682",2101,pharmacy,Pharmacy Select Hoppers Lane
POINT (145.0361438 -37.8190908),"6351751285",2101,pharmacy,Chemist Warehouse
POINT (142.1491333 -34.2184737),"6355628501",2101,pharmacy,Chemist Warehouse
POINT (145.6128474 -37.7816838),"6355897826",2101,pharmacy,Soul Pattison
POINT (145.4591562 -37.7781452),"6355907261",2101,pharmacy,Seville Village Pharmacy
POINT (144.8107414 -37.7598459),"6357410586",2101,pharmacy,Le’s Furlong Pharmacy
POINT (144.7900159 -37.7582661),"6357410606",2101,pharmacy,Priceline Pharmacy
POINT (144.966752 -37.8136903),"6357531485",2101,pharmacy,Priceline Pharmacy
POINT (145.141167 -38.159299),"6361431967",2101,pharmacy,Heatherhill Pharmacy
POINT (144.7519896 -37.7233418),"6373302492",2101,pharmacy,Pharmacy Select
POINT (144.892436 -37.7851824),"6403296344",2101,pharmacy,Edgewater Boulevard Pharmacy
POINT (145.05091 -38.2329032),"6434817710",2101,pharmacy,Chemist Warehouse
POINT (142.1592159 -34.1858131),"6442478881",2101,pharmacy,Priceline Pharmacy
POINT (145.1461887 -37.9921716),"6502799626",2101,pharmacy,Chemist Warehouse
POINT (144.2438601 -36.7962534),"6522686970",2101,pharmacy,Chemist Warehouse
POINT (144.6089316 -36.4942277),"6578025067",2101,pharmacy,Elmore Pharmacy
POINT (145.0715287 -37.7926811),"6691155266",2101,pharmacy,Amcal
POINT (144.9302812 -37.7880816),"6734347369",2101,pharmacy,Health Save Archer Pharmacy
POINT (144.9715465 -37.7732907),"6771312215",2101,pharmacy,Lygon Pharmacy
POINT (145.0939665 -37.7915181),"6786956576",2101,pharmacy,Greythorn Pharmacy;Amcal
POINT (144.9111469 -37.7464852),"6829037540",2101,pharmacy,Frank Dowling
POINT (146.2882122 -36.373839),"6829200452",2101,pharmacy,Chemist Warehouse
POINT (146.327305 -36.3545873),"6829200454",2101,pharmacy,Mitchell Healthcare
POINT (145.1226527 -37.8176386),"6845698621",2101,pharmacy,Chemist Warehouse
POINT (146.2883209 -36.3738285),"6853098585",2101,pharmacy,Chemist Warehouse
POINT (144.9495375 -37.8210197),"6856206127",2101,pharmacy,Capsule Pharmacy
POINT (145.0306205 -37.8067008),"6893902390",2101,pharmacy,Star Pharmacy
POINT (144.3922774 -38.1700052),"6907720802",2101,pharmacy,Priceline Pharmacy
POINT (144.3883914 -38.1687667),"6907720803",2101,pharmacy,Peak Pharmacies
POINT (144.9497446 -37.7317833),"6968083176",2101,pharmacy,UFS
POINT (144.9887781 -37.750994),"7045326719",2101,pharmacy,MedSafe Pharmacy
POINT (144.9929063 -37.8176226),"7068095520",2101,pharmacy,Slade Pharmacy
POINT (144.7434139 -37.867632),"7096924338",2101,pharmacy,Williams Landing Pharmacy Save
POINT (144.9998667 -37.8156834),"7105899712",2101,pharmacy,
POINT (145.0828164 -37.803295),"7113022516",2101,pharmacy,Balwyn North Pharmacy
POINT (145.2139956 -37.9833207),"7120519791",2101,pharmacy,Chemist Warehouse
POINT (141.6035034 -38.3466955),"7130873223",2101,pharmacy,Guardian
POINT (141.6035342 -38.345893),"7130873251",2101,pharmacy,Amcal Pharmacy
POINT (144.6536324 -38.1152624),"7143739959",2101,pharmacy,Portarlington Pharmacy
POINT (146.0889605 -37.0519514),"7147608675",2101,pharmacy,Guardian
POINT (146.6868124 -36.3598895),"7152798849",2101,pharmacy,Beechworth Pharmacy
POINT (145.185878 -38.1007549),"7155325240",2101,pharmacy,
POINT (144.9776713 -37.7817332),"7202587843",2101,pharmacy,Carlton North Pharmacy
POINT (144.9989191 -37.8186634),"7217438098",2101,pharmacy,P. Moshidis Bridge Road Pharmacy
POINT (144.9661734 -37.8040544),"7228376808",2101,pharmacy,
POINT (145.5161441 -37.6540398),"7246487380",2101,pharmacy,Healesville Pharmacy
POINT (144.9590769 -37.8044474),"7387820978",2101,pharmacy,Chemist Warehouse
POINT (144.9449769 -37.7588665),"7409891736",2101,pharmacy,Albion Pharmacy
POINT (144.9217414 -37.7666655),"7604238769",2101,pharmacy,Chemist Warehouse
POINT (144.677664 -37.4637469),"7617160473",2101,pharmacy,Riddells Creek Pharmacy
POINT (145.2219328 -37.8157021),"7640208113",2101,pharmacy,HealthSave
POINT (144.8812099 -37.7251134),"7738959734",2101,pharmacy,
POINT (144.3480858 -38.1373667),"7760228690",2101,pharmacy,Pharmacy 4 Less
POINT (145.1284708 -37.877115),"7779733429",2101,pharmacy,Wong and Bendixen Pharmacy
POINT (145.128556 -37.8758742),"7779733431",2101,pharmacy,Mount Waverley Pharmacy
POINT (145.1335525 -37.8525012),"7800132069",2101,pharmacy,Quality Pharmacy
POINT (144.705467 -37.6225979),"7834132603",2101,pharmacy,Diggers Rest Pharmacy
POINT (145.0897926 -38.1839691),"7836162666",2101,pharmacy,
POINT (144.9242945 -37.7665149),"7848463911",2101,pharmacy,My Chemist
POINT (144.9218207 -37.7646638),"7848508405",2101,pharmacy,Pharmacy4Less
POINT (145.0894819 -38.1848137),"7903782689",2101,pharmacy,TerryWhite Chemmart
POINT (144.3724322 -38.230153),"7990506268",2101,pharmacy,Direct Chemist Outet
POINT (144.8303267 -37.8681654),"7998265659",2101,pharmacy,Care Pharmacy
POINT (144.3394732 -38.227237),"8046332154",2101,pharmacy,TerryWhite Chemmart
POINT (144.2583651 -36.7462085),"8067597350",2101,pharmacy,Chemist Warehouse
POINT (144.2808336 -36.7481781),"8086485817",2101,pharmacy,Arnold Street Pharmacy
POINT (144.2819751 -36.748936),"8086496217",2101,pharmacy,Health Smart Pharmacy
POINT (144.2840691 -36.7515752),"8086512619",2101,pharmacy,UFS Pharmacies
POINT (144.9565407 -37.8115594),"8105845040",2101,pharmacy,Chemist Warehouse
POINT (145.0877984 -37.6495499),"8114073231",2101,pharmacy,Chemist Warehouse
POINT (144.274052 -36.7554318),"8131986654",2101,pharmacy,UFS pharmacies
POINT (145.0516156 -37.7987575),"8163750651",2101,pharmacy,Harp Village Pharmacy
POINT (144.5711048 -37.7219484),"8219338732",2101,pharmacy,Chemist Warehouse
POINT (144.6036014 -37.6889668),"8232560068",2101,pharmacy,Chemist Warehouse
POINT (145.1103575 -37.8739348),"8317522718",2101,pharmacy,Health More Chadstone Pharmacy
POINT (144.940441 -37.7961411),"8385896607",2101,pharmacy,U Pharmacy
POINT (146.201148 -38.6528546),"8448280226",2101,pharmacy,Foster Pharmacy
POINT (145.123598 -38.1413845),"8516148288",2101,pharmacy,Chemist Warehouse
POINT (145.1254341 -37.7850027),"8551663711",2101,pharmacy,Priceline Pharmacy
POINT (144.8895809 -37.7726559),"8551801536",2101,pharmacy,Priceline Pharmacy
POINT (144.8879812 -37.7751009),"8551801548",2101,pharmacy,Chemist Warehouse
POINT (145.0560903 -37.9589397),"8552299674",2101,pharmacy,Priceline Pharmacy
POINT (145.3038007 -38.0179812),"8556754769",2101,pharmacy,Chemist Warehouse
POINT (146.5401745 -38.1948093),"8559040084",2101,pharmacy,Priceline Pharmacy
POINT (145.0207358 -37.6530872),"8568283711",2101,pharmacy,Priceline Pharmacy
POINT (145.0712422 -37.6510147),"8568342629",2101,pharmacy,Priceline Pharmacy
POINT (146.430237 -38.2370532),"8568358100",2101,pharmacy,Priceline Pharmacy
POINT (144.3828175 -38.0656753),"8604234598",2101,pharmacy,Chemist Warehouse
POINT (145.2514883 -38.107657),"8616936310",2101,pharmacy,Pharmacy 4 Less
POINT (144.679456 -37.8757583),"8646118956",2101,pharmacy,Chemist Warehouse
POINT (144.7533984 -37.8952923),"8649164363",2101,pharmacy,Priceline Pharmacy
POINT (144.2806493 -36.765557),"8649203081",2101,pharmacy,Priceline Pharmacy
POINT (145.2404521 -37.868939),"8697183686",2101,pharmacy,Priceline Pharmacy
POINT (144.7756128 -37.6983293),"8697235138",2101,pharmacy,Priceline Pharmacy
POINT (145.1664509 -38.15276),"8700570155",2101,pharmacy,Priceline Pharmacy
POINT (144.885694 -37.713852),"8701217703",2101,pharmacy,Chemist Warehouse
POINT (144.8838423 -37.7151511),"8701217709",2101,pharmacy,Priceline Pharmacy
POINT (144.8846281 -37.6888986),"8701223912",2101,pharmacy,Priceline Pharmacy
POINT (143.824144 -37.5345763),"8714722577",2101,pharmacy,Priceline Pharmacy
POINT (142.5201886 -38.3804817),"8724425424",2101,pharmacy,Chemist Warehouse
POINT (144.5651127 -37.685751),"8759178718",2101,pharmacy,Priceline Pharmacy
POINT (144.7755157 -37.7509537),"8776093379",2101,pharmacy,Priceline Pharmacy
POINT (146.8417795 -36.1137857),"8867053781",2101,pharmacy,
POINT (144.6657976 -37.8601081),"8937531511",2101,pharmacy,Direct Chemist Outlet
POINT (144.7134708 -37.577977),"8950242676",2101,pharmacy,Chemist Warehouse
POINT (145.1651192 -37.8747384),"8968197331",2101,pharmacy,Chemist Warehouse
POINT (143.3434723 -35.1851358),"8975815620",2101,pharmacy,Nyah West Pharmacy
POINT (144.24225 -36.8101994),"8979702910",2101,pharmacy,Priceline Pharmacy
POINT (145.4066274 -37.874373),"9018355044",2101,pharmacy,Pharmasave Monbulk Pharmacy
POINT (145.2355546 -37.7945145),"9049445878",2101,pharmacy,North Ringwood Family Pharmacy
POINT (145.2077271 -37.7475693),"9092949326",2101,pharmacy,TerryWhite Chemmart
POINT (145.1359064 -37.6851864),"9104671056",2101,pharmacy,St Helena Pharmacy
POINT (145.1595008 -37.6739252),"9107250832",2101,pharmacy,Diamond Creek Pharmacy
POINT (145.1590655 -37.6746614),"9107250881",2101,pharmacy,Priceline Pharmacy
POINT (145.0417374 -37.8459633),"9109422781",2101,pharmacy,Chemist Warehouse
POINT (145.065982 -37.7560074),"9115648971",2101,pharmacy,Chemist Warehouse
POINT (144.9481991 -37.6668302),"9129657963",2101,pharmacy,Fordgate Pharmacy
POINT (145.2552742 -38.0917647),"9182813536",2101,pharmacy,LifeCare Compounding Pharmacy
POINT (145.1478209 -38.1233165),"9215092539",2101,pharmacy,
POINT (145.2408896 -38.1155076),"9218313675",2101,pharmacy,Pharmacy 4 Less
POINT (144.8976638 -37.8579127),"9222491900",2101,pharmacy,Priceline Pharmacy
POINT (145.1934162 -38.1155864),"9280366951",2101,pharmacy,Pharmacy Select
POINT (145.1121362 -37.7728466),"9319577116",2101,pharmacy,
POINT (145.1134681 -37.7731669),"9319609119",2101,pharmacy,
POINT (144.4532278 -37.2482706),"9354588719",2101,pharmacy,TerryWhite Chemmart
POINT (144.3559632 -38.0757369),"9371203662",2101,pharmacy,Chemist Warehouse
POINT (144.2537581 -36.7189337),"9395680593",2101,pharmacy,Eaglehawk U.F.S Dispensary
POINT (144.2535351 -36.719164),"9395680594",2101,pharmacy,Neangar E.U.F.S Pharmacy
POINT (145.0895877 -38.18318),"9398063720",2101,pharmacy,Dartnells Compounding Pharmacy
POINT (145.0601762 -37.6944428),"9432574666",2101,pharmacy,Chemist Warehouse
POINT (144.3631491 -38.1474174),"9433474232",2101,pharmacy,Chemist Warehouse
POINT (145.1227732 -37.9112221),"9451841018",2101,pharmacy,Fultons
POINT (144.8442298 -37.8429153),"9465850772",2101,pharmacy,Pharmacy 4 Less
POINT (145.9303214 -38.1621512),"9501864688",2101,pharmacy,Warragul Advantage Pharmacy
POINT (145.9307894 -38.1612807),"9501864695",2101,pharmacy,Priceline Pharmacy
POINT (145.354451 -37.7572004),"9572164177",2101,pharmacy,Priceline Pharmacy
POINT (145.1237591 -38.1452689),"9574562114",2101,pharmacy,
POINT (145.0554686 -37.9583877),"9574992194",2101,pharmacy,Amcal
POINT (145.05203 -37.9585726),"9579466403",2101,pharmacy,Priceline Pharmacy
POINT (145.2308179 -37.8092029),"9604533005",2101,pharmacy,Civic Pharmacy
POINT (145.2942059 -37.7712628),"9630459865",2101,pharmacy,Croydon North Discount Pharmacy
POINT (144.3427023 -38.1109657),"9648163008",2101,pharmacy,Community Care Chemist
POINT (145.2920648 -37.862591),"9670577833",2101,pharmacy,Greater Knox Pharmacy
POINT (147.1788926 -36.2163801),"9687619938",2101,pharmacy,Tallangatta Pharmacy
POINT (145.1228174 -37.6794818),"9699624789",2101,pharmacy,EcoLife Pharmacy
POINT (145.2172599 -37.7791059),"9747947373",2101,pharmacy,Park Orchards Pharmacy
POINT (144.9153261 -37.6160071),"9750631114",2101,pharmacy,TerryWhite Chemmart
POINT (145.3484769 -37.7597928),"9776791361",2101,pharmacy,Chemist Warehouse
POINT (145.3138081 -37.7574283),"9781091168",2101,pharmacy,Chemist Warehouse
POINT (145.0394619 -38.218476),"9795965668",2101,pharmacy,Chemist Warehouse
